id,courseid,que,option1,option2,option3,option4,right_ans
1,8,IOT stands for ?,Internet of Technology,Internet of Things,Internet of Telecommunications,Internet of Trends,optionb
2,8,Which of the following is NOT a component of an IoT system?,Sensors,Actuators,Web browser,Microcontroller,optionc
3,8,Which wireless technology is commonly used for IoT communication over short distances?,Wi-Fi,Bluetooth,4G LTE,Zigbee,optionb
4,8,What is the primary purpose of a sensor in an IoT device?,To process data,To store data,To sense the physical environment,To display data,optionc
5,8,Which protocol is commonly used for IoT device communication over the internet?,HTTP,TCP/IP,MQTT,UDP,optionc
6,8,What is the role of an actuator in an IoT system?,To sense environmental data,To process data,To display information,To perform actions based on received data,optiond
7,8,Which of the following is an example of a smart IoT device?,Microwave oven,Traditional light bulb,Analog thermometer,Basic calculator,optiona
8,8,Which layer of the IoT architecture is responsible for data processing and analysis?,Perception layer,Network layer,Application layer,Processing layer,optiond
9,8,What is the primary benefit of using IoT technology?,Increased security,Reduced energy consumption,Decreased connectivity,Limited scalability,optionb
10,8,Which of the following is NOT a potential application of IoT technology?,Smart homes,Industrial automation,Healthcare monitoring,Paper-based document storage,optiond
11,8,What is the purpose of edge computing in IoT systems?,To perform data processing locally on IoT devices,To store data in the cloud,To store data in the cloud,To display data on a user interface,optiona
12,8,Which of the following is an example of a wearable IoT device?,Smartwatch,Microwave oven,Refrigerator,Washing machine,optiona
13,8,What is the primary concern related to IoT security?,Scalability,Interoperability,Privacy,Connectivity,optionc
14,8,"Which communication protocol is commonly used for low-power, long-range IoT devices?",Wi-Fi,Bluetooth,LoRaWAN,Zigbee,optionc
15,8,What is the role of a gateway in an IoT network?,To transmit data to the cloud,To block unauthorized access,To process data locally,To bridge different network protocols,optiond
16,8,Which of the following is a characteristic of fog computing in IoT?,Data processing occurs at the cloud server,Data processing occurs at the edge devices,Data processing occurs at a central server,Data processing occurs at the gateway,optionb
17,8,What is the primary purpose of data analytics in IoT systems?,To collect sensor data,To analyze sensor data for insights,To transmit sensor data to the cloud,To visualize sensor data,optionb
18,8,Which of the following is a challenge in implementing IoT solutions?,Limited device connectivity,High energy consumption,Lack of data privacy regulations,High deployment costs,optiond
19,8,Which of the following is an example of an IoT platform?,Microsoft Word,Google Maps,IBM Watson IoT,Adobe Photoshop,optionc
20,8,What is the purpose of digital twins in IoT systems?,To simulate physical devices,To create virtual reality experiences,To optimize manufacturing processes,To generate IoT device prototypes,optiona
