id,courseid,que,optiona,optionb,optionc,optiond,right_ans
1,1,Which operating system is based on the UNIX architecture?,Linux,Windows,macOS,Android,Linux
2,1,What is the primary function of an operating system?,Managing hardware resources,Providing entertainment,Running applications,Sending emails,Managing hardware resources
3,1,Which command is used to display the current directory in UNIX?,dir,cd,ls,pwd,pwd
4,1,What does the 'grep' command do in UNIX?,Search for files,Display calendar,Search for text patterns in files,Print file contents,Search for text patterns in files
5,1,Which file system is commonly used in UNIX-based operating systems?,NTFS,FAT32,ext4,FAT16,ext4
6,1,Which command is used to create a new directory in UNIX?,newdir,mkdir,createdir,makedir,mkdir
7,1,What is the purpose of the 'chmod' command in UNIX?,Change file ownership,Change file ownership,Change file ownership,Change file ownership,Change file ownership
8,1,Which UNIX command is used to display the contents of a file?,print,cat,show,view,cat
9,1,What does the 'grep' command stand for in UNIX?,Global regular expression print,General regular expression program,Global regular expression program,General regular expression print,Global regular expression program
10,1,Which command is used to remove a file in UNIX?,rm,del,remove,delete,rm
11,1,What is the purpose of the 'tar' command in UNIX?,Create a new file,Extract files from an archive,Compress files into an archive,Encrypt files,Compress files into an archive
12,1,Which UNIX command is used to change the current directory?,dir,chdir,cd,changedir,cd
13,1,Which command is used to display the manual page for a UNIX command?,info,help,man,manual,man
14,1,What does the 'ps' command do in UNIX?,Print system information,Display current processes,Pause system operation,Pause system operation,Display current processes
15,1,Which command is used to display the disk usage in UNIX?,du,df,disk,usage,du
16,1,What is the purpose of the 'passwd' command in UNIX?,Print user passwords,Change user password,Delete user password,View user password policy,Change user password
17,1,Which command is used to create a symbolic link in UNIX?,ln,link,symlink,mklink,ln
18,1,What does the 'top' command do in UNIX?,Display system hardware information,Display running processes and their resource usage,. Display disk space usage,. Display disk space usage,optionb
19,1,Which command is used to terminate a process in UNIX?,kill,stop,end,terminate,optiona
20,1,What does the 'grep -v' command do in UNIX?,Display verbose output,Display verbose output,Display only filenames,Display version information,optionb
