id,course,que,option1,option2,option3,option4,right_ans
1,5,Which of the following is not a linear data structure?,Array,Linked List,Stack,Binary Tree,optiond
2,5,Which data structure is best suited for implementing a stack?,Array,Linked List,Queue,Tree,optiona
3,5,What is the time complexity of searching an element in a binary search tree (BST) in the worst-case scenario?,O(1),O(log n),O(n),O(n log n),optionb
4,5,Which of the following is not a sorting algorithm?,Merge Sort,Quick Sort,Breadth-First Search (BFS),Selection Sort,optionc
5,5,Which data structure uses LIFO (Last In First Out) ordering?,Queue,Stack,Linked List,Heap,optionb
6,5,"In a binary tree, the maximum number of nodes at level 'k' is:",k,2^k,2^(k-1),2^(k+1) - 1,optiond
7,5,Which of the following operations is NOT typically performed on a priority queue?,Insert,Delete,Update,Search,optiond
8,5,Which data structure is typically used to implement a hash table?,Array,Linked List,Stack,Binary Search Tree,optiona
9,5,Which sorting algorithm has the worst-case time complexity of O(n^2)?,Merge Sort,Quick Sort,Bubble Sort,Heap Sort,optionc
10,5,Which of the following is NOT a type of traversal in a binary tree?,Inorder,Preorder,Postorder,Breadth-First Search (BFS),optiond
11,5,Which data structure is typically used for implementing graphs?,Array,Linked List,Queue,Stack,optionb
12,5,Which of the following data structures is used to store and retrieve data in a non-linear fashion?,Array,Linked List,Stack,Tree,optiond
13,5,Which of the following is NOT a search algorithm?,Linear Search,Binary Search,Depth-First Search (DFS),Bubble Sort,optiond
14,5,Which data structure uses FIFO (First In First Out) ordering?,Stack,Queue,Binary Tree,Heap,optionb
15,5,What is the time complexity of inserting an element into a heap?,O(1),O(log n),O(n),O(n log n),optionb
16,5,Which of the following is a disadvantage of using an array to implement a stack?,Dynamic memory allocation,Fixed size,High memory overhead,Slow access time,optionb
17,5,Which data structure is used in Depth-First Search (DFS) traversal of a graph?,Stack,Queue,Linked List,Binary Tree,optiona
18,5,What is the time complexity of finding the maximum element in a binary search tree (BST)?,O(1),O(log n),O(n),O(n log n),optionb
19,5,Which of the following is NOT an application of a priority queue?,Task scheduling,Huffman coding,Dijkstra's algorithm,Binary Search,optiond
20,5,Which data structure is used for implementing recursion?,Array,Linked List,Stack,Queue,OPTIONC
