id,course,que,option1,option2,option3,option4,right_ans
1,6,What is Java?,A programming language,A type of coffee,A dance form,A sports car,optiona
2,6,Which keyword is used to define a class in Java?,class,int,float,void,optiona
3,6,What is the output of the following code snippet? int x = 5; int y = 3; System.out.println(x + y);,8,15,35,Syntax Error,optiona
4,6,Which of the following is not a primitive data type in Java?,int,float,string,char,optionc
5,6,What is the correct syntax for a single-line comment in Java?,//,##,/* ,%,optiona
6,6,Which method is called when an object is created?,main(),finalize(),constructor(),destroy(),optionc
7,6,What is the default value of int type in Java?,0,1,-1,null,optiona
8,6,Which of the following statements is true about Java packages?,A package is a collection of classes and interfaces.,Packages are used for organizing and controlling access to classes and interfaces.,"Java provides a built-in package named ""java.util"" for utility classes.",All of the above.,optiond
9,6,What does JVM stand for?,Java Virtual Machine,Java Visual Model,Java Virtual Method,Java Version Manager,optiona
10,6,What is the output of the following code snippet? int x = 5;  System.out.println(x++);,5,6,4,pilation Error,optiona
11,6,Which of the following is used to exit from a loop in Java?,break,continue,exit,return,optiona
12,6,What is the correct way to declare and initialize an array in Java?,int[] arr = new int[];,int[] arr = new int[5];,"int arr[] = {1, 2, 3, 4, 5};",All of the above,optionb
13,6,"What does the keyword ""static"" mean in Java?","It can be applied to variables, methods, and blocks.","It means the variable or method belongs to the class, not instances of the class.",It is used to create constants.,Both A and B.,optiond
14,6,"What is the output of the following code snippet? String str = ""Java""; System.out.println(str.charAt(2));",j,v,a,Compilation Error,optiona
15,6,Which of the following is an example of a Java wrapper class?,Integer,Double,Boolean,All of the above.,optiond
16,6,"What does the ""this"" keyword refer to in Java?",It refers to the current class instance.,It refers to the superclass instance.,It refers to the subclass instance.,It refers to the current method.,optiona
17,6,Which of the following statements is true about Java interfaces?,Interfaces can have constructors.,Interfaces can have method implementations.,A class can implement multiple interfaces.,Interface methods are by default final and static.,optionc
18,6,"What is the purpose of the ""finally"" block in Java exception handling?",To handle exceptions,To handle exceptions,To terminate the program,To print error messages,optionb
19,6,"What is the output of the following code snippet? int x = 5; int y = 0; try { System.out.println(x / y); } catch (ArithmeticException e) { System.out.println(""Error: "" + e.getMessage()); } finally {System.out.println(""Finally block executed"") }",Error: / by zero Finally block executed,Error: Division by zero Finally block executed,Division by zero Finally block executed,Finally block executed,optionb
20,6,Which of the following is used to read input from the user in Java?,System.out.println(),System.in.read(),Scanner class,Both A and B,optionc
