id,course,que,option1,option2,option3,option4,right_ans
1,4,What is the output of the following code snippet? int x = 5; int y = ++x + x++; cout << y;,10,11,12,13,optiond
2,4,Which keyword is used to define a class in C++?,class,struct,def,interface,optiona
3,4,Which operator is used to access the member functions and variables of an object in C++?,.,->,::,<>,optiona
4,4,"What is the output of the following code snippet? int arr[5] = {1, 2, 3, 4, 5}; cout << arr[6];",0,1,Garbage value,Compilation error,optiond
5,4,What is the correct way to declare a pointer in C++?,pointer int x;,int *x;,x = &int;,int &x;,optionb
6,4,"What does the ""new"" keyword do in C++?",Allocates memory for a variable,Deletes a variable from memory,Initializes a variable,Allocates memory for an array,optiona
7,4,"What is the output of the following code snippet? int x = 10, y = 20; int *ptr = &x; *ptr = 30; ptr = &y; *ptr = 40; cout << x << "" "" << y;",10 20,30 40,40 30,Compilation error,optionc
8,4,What is the output of the following code snippet? int x = 5; cout << (x << 1);,10,5,20,2,optionc
9,4,Which header file is used for input and output operations in C++?,iostream.h,stdio.h,conio.h,io.h,optiona
10,4,What is the correct syntax for declaring a virtual function in C++?,virtual void func() {},void virtual func() {},void func() virtual {},void func() virtual;,optiona
11,4,"What does the ""delete"" keyword do in C++?",Deletes a file,Deletes a variable from memory,Deletes a class,Deletes a function,optionb
12,4,"What is the output of the following code snippet? int x = 5;  cout << x++ << "" "" << x;",56,66,55,Compilation error,optiona
13,4,What is the correct way to declare a reference variable in C++?,int &x = 5;,int *x = &y;,int &x = y;,int x = &y;,optionc
14,4,"What is the output of the following code snippet?int x = 10, y = 20; x > y ? cout << ""x is greater"" : cout << ""y is greater"";",x is greater,y is greater,No output,Compilation error,optionb
15,4,Which of the following is not a valid storage class in C++?,auto,register,stack,static,optionc
16,4,"What is the output of the following code snippet? int x = 10; if (x == 10) cout << ""x is 10""; else if (x == 20) cout << ""x is 20""; else    cout << ""x is neither 10 nor 20"";",x is 10,x is 20,x is neither 10 nor 20,No output,optiona
17,4,Which of the following is not a valid data type in C++?,int,float,string,double,optionc
18,4,". What is the output of the following code snippet? int x = 10; int &y = x; y = 20; cout << x << "" "" << y;",10 10,20 20,20 10,Compilation error,optionc
19,4," What is the output of the following code snippet? int x = 10, y = 20; int *ptr = &x; cout << *ptr + y;",30,10,20,Compilation error,optiona
20,4,Which keyword is used to exit from a loop in C++?,end,break,exit,stop,optionb
