id,course,que,option1,option2,option3,option4,right_ans
1,3,What is the syntax for declaring a character variable named initial?,int initial;,char initial = 'A';,character initial;,String initial;,b) char initial = 'A';
2,3,Which of the following operators has the highest precedence in C?,+,*,&&,#ERROR!,c) && (logical AND)
3,3,The if statement allows for...,a) Unconditional execution of a code block,b) Conditional execution of a code block,c) Looping through a set of data,d) Defining functions,b) Conditional execution of a code block
4,3,What is the break statement used for within a loop?,a) To continue iterating through the loop,b) To conditionally exit the loop,c) To increment the loop counter,d) To define the loop condition,b) To conditionally exit the loop
5,3,The scanf function is used for...,a) Displaying output to the console,b) Reading user input from standard input,c) Performing calculations,d) Defining variables,b) Reading user input from standard input
6,3,What does the return statement do within a function?,a) Defines the function name,b) Exits the function and optionally returns a value,c) Calls another function,d) Declares function parameters,b) Exits the function and optionally returns a value
7,3,What is a common use case for a structure in C?,a) To define a constant value,b) To group related data under a single name,c) To perform calculations,d) To declare a function prototype,b) To group related data under a single name
8,3,How can you comment out a single line of code in C?,a) // comment,b) /* comment */,c) # comment,d) None of the above,a) // comment
9,3,The preprocessor directive #define is used for...,a) Defining functions,b) Declaring variables,c) Including header files,d) Creating symbolic constants,d) Creating symbolic constants
10,3,"In C, what is the keyword used to declare a function that does not return any value?",a) int,b) void,c) char,d) float,b) void
11,3,Which of the following is NOT a valid storage class specifier in C?,a) auto,b) static,c) register,d) public,d) public
12,3,What is the difference between = and == operators in C?,a) Both perform assignment,"b) = assigns a value, == checks for equality","c) = increments a value, == decrements a value",d) None of the above,"b) = assigns a value, == checks for equality"
13,3,How can you pass arguments to a function in C?,a) By value,b) By reference,c) Both a & b,d) None of the above,c) Both a & b (by value and by reference)
14,3,What does the keyword volatile indicate about a variable?,a) Constant value,b) May change unexpectedly,c) Used for loop control,d) Specific data type,b) May change unexpectedly
15,3,An array index in C starts from...,a) -1,b) 0,c) 1,d) Randomly assigned,b) 0
16,3,"What is the output of the following code snippet? c int x = 5; x = x + 3; printf(""%d\n"", x);",a) 2,b) 3,c) 5,d) 8,d) 8
17,3,Which library function is commonly used to dynamically allocate memory in C?,a) allocate,b) malloc,c) reserve,d) assign,b) malloc
18,3,What is the purpose of a function prototype in C?,a) To define the function body,b) To declare the function name and parameters,c) To call the function,d) To return a value from the function,b) To declare the function name and parameters
19,3,What is the difference between a switch statement and an if-else statement?,a) Both are the same for conditional execution.,"b) switch checks for multiple matching conditions, if-else checks for a single condition.","c) switch is used for numerical comparisons, if-else is used for string comparisons.",d) switch is faster than if-else.,"b) switch checks for multiple matching conditions, if-else checks for a single condition."
20,3,C is known for being a...,a) Interpreted language,b) Compiled language,c) Scripting language,d) Assembly language,b) Compiled language
