id,courseid,que,option1,option2,option3,option4,right_ans
1,9,Which of the following is NOT a 2D primitive in computer graphics?,Line,Circle,Cube,Polygon,optionc
2,9,What is the purpose of a raster scan display?,To produce high-quality images,To display images using pixels,To display images using pixels,To display images using pixels,optionb
3,9,What does GPU stand for in computer graphics?,Graphics Processing Unit,Graphical Pixel Unit,Graphical Processing Engine,Geometric Processing Unit,optiona
4,9,Which algorithm is used for line clipping in computer graphics?,Bresenham's Line Algorithm,Cohen-Sutherland Line Clipping Algorithm,Midpoint Line Algorithm,Liang-Barsky Line Clipping Algorithm,optionb
5,9,What is the purpose of anti-aliasing in computer graphics?,To reduce the number of polygons in a model,To remove jagged edges in rendered images,To remove jagged edges in rendered images,To improve texture mapping,optionb
6,9,Which transformation is used to rotate an object in computer graphics?,Translation,Scaling,Rotation,Reflection,optionc
7,9,Which rendering technique is based on simulating the behavior of light in a scene?,Wireframe rendering,Rasterization,Ray tracing,Texture mapping,optionc
8,9,Which 3D primitive is used to represent a sphere in computer graphics?,Cylinder,Cone,Sphere,Torus,optionc
9,9,What is the primary advantage of using vector graphics over raster graphics?,Scalability,Realism,Color depth,File size,optiona
10,9,What is the purpose of the Z-buffer in computer graphics?,To store color information,To perform hidden surface removal,To control the intensity of light sources,To render transparent objects,optionb
11,9,Which curve is used to represent smooth curves in computer graphics?,Bezier curve,B-spline curve,Hermite curve,Catmull-Rom curve,optiona
12,9,Which type of projection is commonly used in 3D graphics applications?,Orthographic projection,Isometric projection,Perspective projection,Parallel projection,optionc
13,9,What is the primary goal of texture mapping in computer graphics?,To add color to objects,To simulate surface detail,To remove hidden surfaces,To transform objects,optionb
14,9,Which algorithm is used for polygon filling in computer graphics?,Flood Fill Algorithm,Bresenham's Line Algorithm,Cohen-Sutherland Line Clipping Algorithm,Midpoint Line Algorithm,optiona
15,9,Which technique is used to simulate the effect of light reflection on shiny surfaces?,Phong shading,Gouraud shading,Flat shading,Lambertian shading,optiona
16,9,What is the primary purpose of a framebuffer in computer graphics?,To store pixel data,To perform rendering calculations,To control the display hardware,To generate geometry,optiona
17,9,Which algorithm is used for hidden surface removal in computer graphics?,Bresenham's Line Algorithm,Cohen-Sutherland Line Clipping Algorithm,Painter's Algorithm,Midpoint Line Algorithm,optionc
18,9,What does VBO stand for in computer graphics?,Vector Buffer Object,Vertex Buffer Object,Visible Backface Object,Viewport Border Object,optionb
19,9,Which transformation is used to scale an object in computer graphics?,Translation,Scaling,Rotation,Reflection,optionb
20,9,What is the primary goal of ray tracing in computer graphics?,To perform hidden surface removal,To perform hidden surface removal,To generate texture coordinates,To transform 3D objects,optionb
