"id","course","que","option1","option2","option3","option4","right_ans"
"1","2","Full form of CPU","Control Process Unit","Central Process Unit","Control Processing Unit","Central Processing Unit","optiond"
"2","2","1 byte=","18 bit","8 bit","10 bit","1024 bit","optionb"
"3","2","WWW called________","world way web","World Wise web","World wide web","World wide website","optionc"
"4","2","FTP _____","File Transfer Protocol","File Text Protocol","File Transfer Process","Format Transfer Protocol","optiona"
"5","2","URL means______________","Universal Research locator","Uniform Resource Locator","Uniform Resource Location","Universal Resource Location","optionb"
"6","2","Which of the following is an output device?","Keyboard","Mouse","Light pen","Monitor","optiond"
"7","2","Which of the following is an input device?","Plotter","Printer","VDU","Mouse","optiond"
"8","2","BIOS is used?","By operating system","By compiler","By interpreter","By application software","optiona"
"9","2","Which of the following is equal to a gigabyte?","1024 bytes","512 GB","1024 megabytes","1024 bits","optionc"
"10","2","What is the full form of RAM?","Remote Access Memory","Read Access Memory","Remote Access Management","Random Access Memory","optiond"
"11","2","Which of the following is not considered hardware?","Operating system","CPU","Keyboard","Hard disk","optiona"
"12","2","Which of the following is exclusively a sequential access storage device?","Hard disk","Floppy disk","Magnetic tape","DVD","optionc"
"13","2","Which of the following numbers is a binary number?","1 and 2","0 and 0.1","2 and 0","0 and 1","optiond"
"14","2","Which one of the following is an example of the browser software?","Microsoft Word","Notepad","Internet explorer","Internet navigator","optionc"
"15","2","100 binary number equivalent to _____Decimal","4","2","1","7","optiona"
"16","2","Which of the following is not a binary number?","1111","101","11E","100","optionc"
"17","2","What is the shortcut key to run slide show.","SHIFT+F5","F5","CTRL+F5","F6","optionb"
"18","2","Header can be inserted from which tab.","view","mailing","insert","home","optionc"
"19","2","Which function adds the numerical values in range of cells?","Autosum","sum","add","Both a & b","optionb"
"20","2","To change color of a sheet tab which option would be helpful?","Right click -> Tab color","Right click -> View color","Right click ->  Move or Copy","Right click -> Insert","optiona"
"","","","","","","",""
"","","","","","","",""
