id,course,que,option1,option2,option3,option4,right_ans
1,7,What is Python?,A type of snake,A programming language,A type of food,A type of car,optionb
2,7,Which of the following is a correct way to comment in Python?,//,##,/*  */,#,optiond
3,7,Which symbol is used for string concatenation in Python?,+,*,&,-,optiona
4,7,"What will the following code snippet print? x = 5 y = ""Hello"" print(x + y)",5Hello,Hello5,TypeError,Syntax Error,optionc
5,7,Which of the following data types is mutable in Python?,int,float,tuple,list,optiond
6,7,"What is the output of the following code snippet? x = ""python"" print(x[1:4])",pyt,yth,pytho,Syntax Error,optionb
7,7,Which statement is used to exit a loop prematurely in Python?,stop,break,end,exit,optionb
8,7,What does the following expression evaluate to in Python? 3 ** 2,6,9,12,32,optionb
9,7,Which of the following statements is true about Python functions?,A function can have only one return statement.,A function can be called recursively.,A function cannot accept parameters.,A function can only return strings.,
10,7,"What is the output of the following code snippet? x = 10 if x > 5: print(""x is greater than 5"") elif < 5: print(""x is less than 5"" else: print(""x is equal to 5"")",x is greater than 5,x is less than 5,x is equal to 5,Syntax Error,optiona
11,7,"What does the ""import random"" statement do in Python?",It imports the random module for generating random numbers.,It imports the random keyword for random selection,It imports the random function for shuffling lists.,It imports the random package for random file operations.,optiona
12,7,Which of the following is not a valid Python data structure?,List,Tuple,Stack,Set,optionc
13,7,"What is the output of the following code snippet? x = [""apple"", ""banana"", ""cherry""] print(len(x))",3,6,7,Syntax Error,optiona
14,7,Which of the following is used to define a class in Python?,class MyClass:,def MyClass():,function MyClass():,class = MyClass:,optiona
15,7,"What is the output of the following code snippet ?  x = [1, 2, 3, 4, 5] print(x[2:4])","[3, 4]","[2, 3]","[4, 5]","[1, 2, 3, 4]",optiona
16,7,Which of the following is a correct way to open a file in Python for reading?,"file = open(""filename.txt"", ""r"")","file = open(""filename.txt"", ""w"")","file = open(""filename.txt"", ""a"")","file = open(""filename.txt"", ""x"")",optiona
17,7,"What does the ""pass"" statement do in Python?",It halts the execution of the program.,It skips the current block of code.,It executes the code repeatedly.,It raises an exception.,optionb
18,7,"What is the purpose of the ""lambda"" keyword in Python?",It defines a new class.,It creates an anonymous function,It imports a module.,It defines a loop.,
19,7,What is the output of the following code snippet? x = 3 y = 5 print(x if x > y else y),3,5,Syntax Error,Indentation Error,optionb
20,7,Which of the following is not a valid method to remove an item from a list in Python?,remove(),pop(),delete(),clear(),optionc
