"id","course","que","option1","option2","option3","option4","right_ans"
"1","10","Full form of PHP is?","Preprocessor Home Page","Pretext Hypertext Processor","Hypertext Preprocessor","Personal Hyper Processor","optionc"
"2","10"," What is PHP?"," PHP is an open-source programming language","PHP is used to develop dynamic and interactive websites","PHP is a server-side scripting language","All of the mentioned","optiond"
"3","10","Who is the father of PHP?","Drek Kolkevi","Rasmus Lerdorf","Willam Makepiece","List Barely","optionb"
"4","10","Which of the following is the correct syntax to write a PHP code?","<?php ?>","< php >","< ? php >","<? ?>","optionc"
"5","10","Which of the following is the correct way to add a comment in PHP code?"," #","<!--     -->","/* */","//","optionb"
"6","10","Which of the following is the default file extension of PHP files?",".php",".ph",".xml",".html","optiona"
"7","10","How to define a function in PHP?","functionName(parameters) {function body}","function {function body}","function functionName(parameters) {function body}","data type functionName(parameters) {function body}","optionc"
"8","10"," Which is the right way of declaring a variable in PHP?"," $3hello","$_hello","$this","$5_Hello","optionb"
"9","10","Which of the following web servers are required to run the PHP script?","LAMP","WAMP","XAMP","Any of the mentioned","optiond"
"10","10","What does PDO stand for?","PHP Database Orientation"," PHP Data Orientation","PHP Data Object","PHP Database Object","optionc"
"11","10","Which of the looping statements is/are supported by PHP?                  i) for loop
ii) while loop
iii) do-while loop
iv) foreach loop","Only iv)","i) and ii)","i), ii) and iii)","i), ii), iii) and iv)","optiond"
"12","10","Which of the below statements is equivalent to $add += $add?","$add = $add","$add = $add +$add","$add = $add + 1"," $add = $add + $add + 1","optionb"
"13","10","If $a = 12 what will be returned when ($a == 12) ? 5 : 1 is executed?","1","5","12","error","optionb"
"14","10","Which of the following is a correct way to start a PHP script?","<?php","<script>","<php>","<!--?php","optiona"
"15","10","How do you output ""Hello World"" in PHP?","print(""Hello World"");","echo ""Hello World"";","document.write(""Hello World"");","cout << ""Hello World"";","optionb"
"16","10","What is the default port for connecting to MySQL server using PHP?","3307","80","8080","3306","optiond"
"17","10","Which of the following is used to redirect to another URL in PHP?","redirect()","location()","header()","jump()","optionc"
"18","10","How do you start a session in PHP?","session_open()","start_session()","session_start()","session()","optionc"
"19","10","What is the correct way to get the length of a string in PHP?","strlen(string)","string_length(string)","strlength(string)","length(string)","optiona"
"20","10","How do you define a constant in PHP?","define $const_name = value;","const $const_name = value;","constant $const_name = value;","define(""const_name"", value);","optiond"
