id,courseid,que,option1,option2,option3,option4,right_ans
1,12,Which of the following is NOT a digital marketing channel?,Social Media Marketing,Email Marketing,Television Advertising,Search Engine Optimization (SEO),optionc
2,12,What is the primary goal of a digital marketing strategy?,To increase brand awareness,To generate leads and conversions,To reduce marketing costs,To reduce marketing costs,optionb
3,12,What is the purpose of A/B testing in digital marketing?,To analyze website traffic,To analyze website traffic,To analyze website traffic,To measure social media engagement,optionc
4,12,What does ROI stand for in digital marketing?,Return on Investment,Reach of Influence,Rate of Interaction,Revenue of Interest,optiona
5,12,Which social media platform is known for its 140-character limit posts?,Facebook,Instagram,Twitter,LinkedIn,optionc
6,12,What is the main purpose of keyword research in SEO?,To increase website traffic,To improve website design,To optimize website performance,To identify search terms used by users,optiond
7,12,To identify search terms used by users,To sell products directly,To educate and engage the audience,To educate and engage the audience,To generate leads,optionb
8,12,Which type of email typically requires action from the recipient?,Transactional email,Promotional email,Newsletter email,Welcome email,optiona
9,12,What is the main benefit of using pay-per-click (PPC) advertising?,Guaranteed top search engine ranking,Increased organic search traffic,Cost-effective targeting of potential customers,Long-term brand building,optionc
10,12,Which metric measures the percentage of visitors who leave a website without taking any action?,Bounce Rate,Click-through Rate,Conversion Rate,Engagement Rate,optiona
11,12,What is the purpose of a call-to-action (CTA) in digital marketing?,To provide contact information,To encourage user engagement,To showcase product features,To display customer testimonials,optionb
12,12,What does SERP stand for in SEO?,Search Engine Results Page,Search Engine Ranking Position,Search Engine Response Protocol,Search Engine Reach and Penetration,optiona
13,12,Which social media platform is known for its visual content sharing?,Facebook,Twitter,LinkedIn,Instagram,optiond
14,12,What is the primary goal of influencer marketing?,To increase brand awareness,To generate leads and sales,To boost search engine rankings,To improve website design,optiona
15,12,Which metric measures the number of times an ad is shown?,Impressions,Clicks,Conversions,Reach,optiona
16,12,What is the purpose of a landing page in digital marketing?,To showcase a company's portfolio,To provide contact information,To capture visitor information,To sell products directly,optionc
17,12,What is the primary goal of social media marketing?,To increase website traffic,To generate leads and conversions,To improve search engine rankings,To reduce marketing costs,optionb
18,12,What is the main purpose of customer segmentation in digital marketing?,To identify potential customers,To analyze competitor strategies,To tailor marketing messages to specific audiences,To increase website traffic,optionc
19,12,Which type of content is typically shared in a blog post?,Product descriptions,User reviews,How-to guides and tutorials,Customer testimonials,optionc
20,12,What is the primary objective of social media engagement?,To increase brand awareness,To generate leads and sales,To generate leads and sales,To showcase product features,optionc
