id,courseid,que,option1,option2,option3,option4,right_ans
1,11,What does VPN stand for?,Virtual Personal Network,Virtual Private Network,Virtual Protected Network,Virtual Public Network,optionb
2,11,What is the primary purpose of a firewall in network security?,To detect and remove malware,To prevent unauthorized access,To encrypt network traffic,To monitor network performance,optionb
3,11,Which of the following is NOT considered a strong password?,Password123,[email protected],P@ssw0rd!,Tr0ub4dor&3,optiona
4,11,What is the purpose of encryption in data security?,To compress data,To hide data,To secure data,To authenticate data,optionc
5,11,What is the main objective of phishing attacks?,To steal sensitive information,To spread viruses,To overload a server,To disable network services,optiona
6,11,Which of the following is NOT a type of malware?,Virus,Trojan,Spyware,Firewall,optiond
7,11,What is the purpose of biometric authentication?,To use a physical token for authentication,To verify identity based on unique biological traits,To use a password for authentication,To verify identity based on social media profiles,optionb
8,11,Which protocol is commonly used for secure communication over the internet?,HTTP,FTP,SMTP,HTTPS,optiond
9,11,What is the main purpose of a vulnerability assessment?,To simulate cyber attacks,To identify security weaknesses,To encrypt sensitive data,To monitor network traffic,optionb
10,11,What is a DDoS attack?,Distributed Denial of Security,Decentralized Denial of Service,Distributed Denial of Service,Decentralized Denial of Security,optionc
11,11,What is the purpose of a security patch?,To fix security vulnerabilities,To enhance system performance,To upgrade hardware components,To optimize network bandwidth,optiona
12,11,What is the primary goal of network segmentation?,To isolate sensitive data,To increase network speed,To reduce network complexity,To improve data encryption,optiona
13,11,Which of the following is NOT a common cyber attack vector?,Email attachments,Social media profiles,Malicious websites,USB devices,optionb
14,11,What is the purpose of multi-factor authentication (MFA)?,To use multiple passwords for authentication,To verify identity using multiple methods,To create multiple user accounts,To encrypt multiple files simultaneously,optionb
15,11,"What does the term ""phishing"" refer to in cyber security?",Sending unsolicited emails,Stealing credit card information,Social engineering attacks,Spoofing IP addresses,optionc
16,11,Which encryption algorithm is commonly used for secure email communication?,AES,RSA,DES,SHA,optionb
17,11,What is the purpose of a security incident response plan?,To prevent security incidents,To respond effectively to security breaches,To create secure passwords,To encrypt sensitive data,optionb
18,11,What is the primary function of an intrusion detection system (IDS)?,To prevent unauthorized access,To monitor network traffic,To encrypt data transmissions,To authenticate users,optionb
19,11,Which of the following is a common authentication factor?,Something you know,Something you have,Something you are,All of the above,optiond
20,11,What is the purpose of a security policy?,To ensure compliance with legal regulations,To define rules and guidelines for security measures,To restrict access to sensitive data,To enhance network performance,optionb
